{
	"pages": [ //pages数组中第一项表示应用启动页，参考：https://uniapp.dcloud.io/collocation/pages
  {
  	"path" : "pages/pipei/pipei",
  	"style" : 
  	{
  		"navigationStyle":"custom"
  	}
  },
	{
		"path": "pages/index/index",
		"style": {
			//"navigationBarTitleText": "uni-app",
			"navigationStyle":"custom"
		}
	},
  {
    "path" : "pages/yike/yike",
    "style" : 
    {
      "navigationStyle":"custom"
    }
  },
  {
    "path" : "pages/slogin/slogin",
    "style" : 
    {
       "navigationStyle":"custom",
       "navigationBarTitleText": "登录"
    }
  },
 
		{
			"path" : "pages/sginup/sginup",
			"style" : 
			{
				"navigationStyle":"custom"
			}
		},
		{
			"path" : "pages/search/search",
			"style" : 
			{
				"navigationStyle":"custom"
			}
		},
		{
			"path" : "pages/userhome/userhome",
			"style" : 
			{
				"navigationStyle":"custom"
			}
		},
		{
			"path" : "pages/userdetail/userdetail",
			"style" : 
			{
				"navigationStyle":"custom"
			}
		},
    {
    	"path" : "pages/my/my",
    	"style" : 
    	{
    		"navigationStyle":"custom"
    	}
    }
	
	],
  "tabBar": {
  	// "color": "#7A7E83",
  	// "selectedColor": "#3cc51f",
  	// "borderStyle": "black",
  	// "backgroundColor": "#ffffff",
  	"list": [{
  		"pagePath": "pages/pipei/pipei",
  		"iconPath": "static/images/index/聊天00.png",
  		"selectedIconPath": "static/images/index/聊天@2x.png",
  		"text": "匹配"
  	}, {
  		"pagePath": "pages/yike/yike",
  		"iconPath": "static/images/index/group020.png",
  		"selectedIconPath": "static/images/index/group02.png",
  		"text": "广场"
  	},
    {
    	"pagePath": "pages/index/index",
    	"iconPath": "static/images/index/Group40.png",
    	"selectedIconPath": "static/images/index/Group 4@2x.png",
    	"text": "聊天"
    },
    {
    	"pagePath": "pages/my/my",
    	"iconPath": "static/images/index/Group40.png",
    	"selectedIconPath": "static/images/index/Group 4@2x.png",
    	"text": "我的"
    }
    ]
  },
	"globalStyle": {
		"navigationBarTextStyle": "black",
		"navigationBarTitleText": "uni-app",
		"navigationBarBackgroundColor": "#F8F8F8",
		"backgroundColor": "#F8F8F8"
	},
	"uniIdRouter": {},
	"condition" : { //模式配置，仅开发期间生效
		"current": 0, //当前激活的模式(list 的索引项)
		"list": [
			{
				"name": "", //模式名称
				"path": "pages/slogin/slogin", //启动页面，必选
				"query": "" //启动参数，在页面的onLoad函数里面得到
			}
		]
	}
}
